{
    "evaluation_metrics": {
        "k_values": [
            2,
            3,
            4,
            5,
            6,
            7,
            8,
            9,
            10
        ],
        "inertias": [
            74306.72935891604,
            71587.96060870474,
            70424.70483353111,
            68509.25158741776,
            67244.82929566217,
            66767.30883544685,
            63600.30989603454,
            63091.1359584688,
            62650.01136293535
        ],
        "silhouette_scores": [
            0.018834816954960462,
            0.034184651876549385,
            0.02812465370007195,
            0.023579032540850264,
            0.036020462380532574,
            0.029680360855459095,
            0.051529171923066566,
            0.04122206518995014,
            0.037651071819239386
        ],
        "calinski_scores": [
            6.643645753133766,
            7.171399711310647,
            5.9143916214326095,
            5.899553355909284,
            5.513295627508179,
            4.833476713209409,
            5.692560986628114,
            5.187719701338231,
            4.768107392790672
        ]
    },
    "cluster_statistics": {
        "cluster_0": {
            "size": 13,
            "percentage": 6.5,
            "mean_distance": 18.297547333302767,
            "density": 0.0005066127378417002
        },
        "cluster_1": {
            "size": 18,
            "percentage": 9.0,
            "mean_distance": 17.333490301507975,
            "density": 0.0008251365603831506
        },
        "cluster_2": {
            "size": 38,
            "percentage": 19.0,
            "mean_distance": 18.03268416829,
            "density": 0.0015470838703907435
        },
        "cluster_3": {
            "size": 9,
            "percentage": 4.5,
            "mean_distance": 17.669892320007314,
            "density": 0.0003894504332737327
        },
        "cluster_4": {
            "size": 25,
            "percentage": 12.5,
            "mean_distance": 18.000147590574283,
            "density": 0.001023347660715796
        },
        "cluster_5": {
            "size": 16,
            "percentage": 8.0,
            "mean_distance": 17.48402332844438,
            "density": 0.0007146727803503681
        },
        "cluster_6": {
            "size": 22,
            "percentage": 11.0,
            "mean_distance": 16.300351397283595,
            "density": 0.0012126714997880933
        },
        "cluster_7": {
            "size": 59,
            "percentage": 29.5,
            "mean_distance": 18.03252759384127,
            "density": 0.002402113843231084
        }
    },
    "timestamp": "2025-02-05T03:00:35.044593"
}