{
    "evaluation_metrics": {
        "k_values": [
            2,
            3,
            4,
            5,
            6,
            7,
            8,
            9,
            10
        ],
        "inertias": [
            74075.21507895735,
            71983.7196647109,
            70241.11012330135,
            68306.05238568416,
            67632.31179495473,
            66015.78289981539,
            63748.60810654051,
            62598.67872182174,
            62021.24903116868
        ],
        "silhouette_scores": [
            0.03034069173354483,
            0.03409290988281915,
            0.0339396608023643,
            0.03535334614330418,
            0.0332688753247339,
            0.03364155508821112,
            0.0478931860579637,
            0.044686878142485266,
            0.042885767451834166
        ],
        "calinski_scores": [
            7.28323790611177,
            6.590429269780381,
            6.100617399963696,
            6.0621267330723585,
            5.259413628121631,
            5.254687613855067,
            5.61551138800948,
            5.416353067501914,
            5.030467116675545
        ]
    },
    "cluster_statistics": {
        "cluster_0": {
            "size": 7,
            "percentage": 3.5000000000000004,
            "mean_distance": 16.929612857183827,
            "density": 0.0003444041294884072
        },
        "cluster_1": {
            "size": 17,
            "percentage": 8.5,
            "mean_distance": 16.709465756232056,
            "density": 0.0008699065846614073
        },
        "cluster_2": {
            "size": 41,
            "percentage": 20.5,
            "mean_distance": 18.75939161165246,
            "density": 0.001482651217650987
        },
        "cluster_3": {
            "size": 58,
            "percentage": 28.999999999999996,
            "mean_distance": 18.230316292076665,
            "density": 0.002285371322106005
        },
        "cluster_4": {
            "size": 27,
            "percentage": 13.5,
            "mean_distance": 16.75237475282435,
            "density": 0.0013710270262077212
        },
        "cluster_5": {
            "size": 11,
            "percentage": 5.5,
            "mean_distance": 16.386295666662463,
            "density": 0.0005968452136850337
        },
        "cluster_6": {
            "size": 26,
            "percentage": 13.0,
            "mean_distance": 17.04111816147906,
            "density": 0.0012542683838776976
        },
        "cluster_7": {
            "size": 13,
            "percentage": 6.5,
            "mean_distance": 18.777624365638026,
            "density": 0.0004687408485946587
        }
    },
    "timestamp": "2025-02-05T02:55:11.484858"
}